{"widgets":[{"id":"064dcb11-e03d-47d5-b58b-bbc83e478316","title":"Version over Time","query":{"queryString":"#path=ssl | timechart(version, unit=\"1/min\")","isLive":true,"timeZoneOffsetMinutes":120,"showQueryEventDistribution":false,"start":"24h"},"options":{"x":0,"y":10,"width":12,"height":4,"visualisation":{"widgetType":"time-chart","connect-points":"","legend":"y","lp":"r","lx":"","ly":"","mn":"","mx":"","op":"0.4","p":"a","pl":"","plY":"","s":"","sc":"lin","stp":"y","sy":""}}},{"id":"ac61b9c6-da6c-41bc-91b3-5f00c756f1b6","title":"Version","query":{"queryString":"#path=ssl | groupby(version) | sort(limit=20)","isLive":true,"timeZoneOffsetMinutes":120,"showQueryEventDistribution":false,"start":"24h"},"options":{"x":9,"y":0,"width":3,"height":5,"visualisation":{"widgetType":"table-view"}}},{"id":"411ddc32-32a8-441f-ac0e-8776d39a05ff","title":"Top Ciphers","query":{"queryString":"#path=ssl | groupby(cipher) | sort(limit=20)","isLive":true,"timeZoneOffsetMinutes":120,"showQueryEventDistribution":false,"start":"24h"},"options":{"x":5,"y":0,"width":4,"height":5,"visualisation":{"widgetType":"table-view"}}},{"id":"d33c5c47-c222-40e0-a71c-73fe79dc71bb","title":"Top Subjects","query":{"queryString":"#path=x509 | groupby(certificate.subject) | sort(limit=10, order=asce)","isLive":true,"timeZoneOffsetMinutes":120,"showQueryEventDistribution":false,"start":"24h"},"options":{"x":0,"y":0,"width":5,"height":5,"visualisation":{"widgetType":"table-view"}}},{"id":"52b8e113-6e35-4555-9acc-b614dfa49cd4","title":"Validation Status","query":{"queryString":"#path=ssl | groupby(validation_status) | sort(limit=10)","isLive":true,"timeZoneOffsetMinutes":120,"showQueryEventDistribution":false,"start":"24h"},"options":{"x":0,"y":5,"width":3,"height":5,"visualisation":{"widgetType":"table-view"}}},{"id":"8e9f6c6c-e494-4471-a918-df2cba1106e7","title":"Certificate Summary","query":{"queryString":"#path=ssl | groupby([server_name, subject, validation_status, version]) | table([server_name, subject, validation_status, version, _count]) | sort(_count)","isLive":true,"timeZoneOffsetMinutes":120,"showQueryEventDistribution":false,"start":"24h"},"options":{"x":3,"y":5,"width":9,"height":5,"visualisation":{"widgetType":"table-view"}}}]}