{"widgets":[{"id":"283fa114-ef1e-42e8-8866-5f831d69090e","title":"Top Originators by Count","query":{"queryString":"#path=dns is_broadcast!=true id.resp_p=53 | groupby(id.orig_h) | sort()","isLive":true,"timeZoneOffsetMinutes":120,"showQueryEventDistribution":false,"start":"24h"},"options":{"x":0,"y":5,"width":4,"height":4,"visualisation":{"widgetType":"table-view"}}},{"id":"e82b38d3-6fb6-4f18-b920-941a8cad81a8","title":"Top Queries by Count to Non-Existent Domains","query":{"queryString":"#path=dns is_broadcast!=true id.resp_p=53 rcode_name=NXDOMAIN qtype_name!=PTR | groupby(query) | sort()","isLive":true,"timeZoneOffsetMinutes":120,"showQueryEventDistribution":false,"start":"24h"},"options":{"x":8,"y":0,"width":4,"height":5,"visualisation":{"widgetType":"table-view"}}},{"id":"f31137a9-ce52-4ad0-895a-a01641f2a0d6","title":"Top Query Types","query":{"queryString":"#path=dns is_broadcast!=true id.resp_p=53 | groupby(qtype_name) | sort()","isLive":true,"timeZoneOffsetMinutes":120,"showQueryEventDistribution":false,"start":"24h"},"options":{"x":0,"y":0,"width":4,"height":5,"visualisation":{"widgetType":"pie-chart"}}},{"id":"efa413a6-07bd-48e8-a70c-e01a500fb6f8","title":"Top Queries by Count","query":{"queryString":"#path=dns is_broadcast!=true id.resp_p=53 qtype_name!=PTR | groupby(query) | sort(limit=10)","isLive":true,"timeZoneOffsetMinutes":120,"showQueryEventDistribution":false,"start":"24h"},"options":{"x":4,"y":0,"width":4,"height":5,"visualisation":{"widgetType":"table-view"}}},{"id":"222095ad-1193-4ef0-abc9-105942f58854","title":"Top Reverse Queries by Count to Non-Existent Domains","query":{"queryString":"#path=dns is_broadcast!=true id.resp_p=53 qtype_name=PTR rcode_name=NXDOMAIN| groupby(query) | sort()","isLive":true,"timeZoneOffsetMinutes":120,"showQueryEventDistribution":false,"start":"24h"},"options":{"x":8,"y":5,"width":4,"height":4,"visualisation":{"widgetType":"table-view"}}},{"id":"229b18e5-b744-4fd2-8c0b-5212b5e96786","title":"Top Successful Reverse Queries by Count","query":{"queryString":"#path=dns is_broadcast!=true id.resp_p=53 qtype_name=PTR rcode_name=NOERROR| groupby(query) | sort()","isLive":true,"timeZoneOffsetMinutes":120,"showQueryEventDistribution":false,"start":"24h"},"options":{"x":4,"y":5,"width":4,"height":4,"visualisation":{"widgetType":"table-view"}}},{"id":"224e8be8-7fea-4908-b0b9-bcf6683dca0a","title":"No response DNS query by type","query":{"queryString":"#path=dns rcode_name=NXDOMAIN qtype_name!=PTR | groupby(qtype_name) | sort()","isLive":true,"timeZoneOffsetMinutes":120,"showQueryEventDistribution":false,"start":"24h"},"options":{"x":0,"y":9,"width":4,"height":4,"visualisation":{"widgetType":"pie-chart"}}}]}