{"widgets":[{"id":"b73340f1-5ede-4d9e-930e-164e77d5e456","title":"Certificate Expiration ","query":{"queryString":"#path=x509 | groupby([certificate.not_valid_after, certificate.subject]) | sort(certificate.not_valid_after, limit=100, order=asce)","isLive":true,"timeZoneOffsetMinutes":120,"showQueryEventDistribution":false,"start":"24h"},"options":{"x":0,"y":5,"width":12,"height":5,"visualisation":{"widgetType":"table-view"}}},{"id":"c67041b9-f8e6-4f85-8178-57ce67f280c0","title":"Rare Subjects","query":{"queryString":"#path=x509 | groupby(certificate.subject) | sort(limit=10, asce)","isLive":true,"timeZoneOffsetMinutes":120,"showQueryEventDistribution":false,"start":"24h"},"options":{"x":6,"y":0,"width":6,"height":5,"visualisation":{"widgetType":"table-view"}}},{"id":"fcc40a8f-7f51-41e2-be82-cecb32ce91fe","title":"Top Subjects","query":{"queryString":"#path=x509 | groupby(certificate.subject) | sort(limit=10)","isLive":true,"timeZoneOffsetMinutes":120,"showQueryEventDistribution":false,"start":"24h"},"options":{"x":0,"y":0,"width":6,"height":5,"visualisation":{"widgetType":"table-view"}}}]}