{"widgets":[{"id":"f40b5bcf-7565-466d-a829-4767b917664d","title":"Connections to Local TCP services","query":{"queryString":"#path=conn \n| (proto=tcp OR (proto=udp AND orig_pkts>0 AND resp_pkts>0)) \n| conn_state != \"S0\"\n| proto=tcp local_resp=true \n| groupby(id.resp_p) | sort(id.resp_p, reverse=false)","isLive":true,"timeZoneOffsetMinutes":120,"showQueryEventDistribution":false,"start":"24h"},"options":{"x":4,"y":2,"width":4,"height":4,"visualisation":{"widgetType":"pie-chart"}}},{"id":"603025ed-feb5-4348-bc1a-4be02c857918","title":"Connections on unknown networks","query":{"queryString":"#path=conn\n| (proto=tcp OR (proto=udp AND orig_pkts>0 AND resp_pkts>0)) \n| conn_state != \"S0\"\n| local_orig=false local_resp=false\n| count()\n//| table([@timestamp, id.orig_h, id.resp_h, id.resp_p, proto], order=@timestamp, limit=100)","isLive":true,"timeZoneOffsetMinutes":120,"showQueryEventDistribution":false,"start":"24h"},"options":{"x":9,"y":0,"width":3,"height":2,"visualisation":{"widgetType":"simple-gauge","clr":"0","col":"","cur":"100","dp":"2","ly":"","vs":""}}},{"id":"befd5e24-7e39-43e5-82a9-7617c31aa50a","title":"Outgoing connections","query":{"queryString":"#path=conn\n| (proto=tcp OR (proto=udp AND orig_pkts>0 AND resp_pkts>0)) \n| conn_state != \"S0\"\n| local_orig=true local_resp=false\n| count()\n//| table([@timestamp, id.orig_h, id.resp_h, id.resp_p, proto], order=@timestamp, limit=100)","isLive":true,"timeZoneOffsetMinutes":120,"showQueryEventDistribution":false,"start":"24h"},"options":{"x":0,"y":0,"width":3,"height":2,"visualisation":{"widgetType":"simple-gauge","clr":"0","col":"","cur":"100","dp":"2","ly":"","vs":""}}},{"id":"8fb37de2-8fb2-41f8-a544-537cf5f3b92d","title":"Incoming connections","query":{"queryString":"#path=conn\n| (proto=tcp OR (proto=udp AND orig_pkts>0 AND resp_pkts>0)) \n| conn_state != \"S0\"\n| local_orig=false local_resp=true\n| count()\n//| table([@timestamp, id.orig_h, id.resp_h, id.resp_p, proto], order=@timestamp, limit=100)","isLive":true,"timeZoneOffsetMinutes":120,"showQueryEventDistribution":false,"start":"24h"},"options":{"x":3,"y":0,"width":3,"height":2,"visualisation":{"widgetType":"simple-gauge","clr":"0","col":"","cur":"100","dp":"2","ly":"","vs":""}}},{"id":"80e5bc17-4a8d-4e66-b7c5-1b6a6841ff33","title":"Local only connections","query":{"queryString":"#path=conn\n| (proto=tcp OR (proto=udp AND orig_pkts>0 AND resp_pkts>0)) \n| conn_state != \"S0\"\n| local_orig=true local_resp=true\n| count()\n//| table([@timestamp, id.orig_h, id.resp_h, id.resp_p, proto], order=@timestamp, limit=100)","isLive":true,"timeZoneOffsetMinutes":120,"showQueryEventDistribution":false,"start":"24h"},"options":{"x":6,"y":0,"width":3,"height":2,"visualisation":{"widgetType":"simple-gauge","clr":"0","col":"","cur":"100","dp":"2","ly":"","vs":""}}},{"id":"c795bf5b-8091-4e13-81c8-f13dc008d3ba","title":"Local Hosts Seen Offering Services","query":{"queryString":"#path=conn local_resp=true\n| (proto=tcp OR (proto=udp AND orig_pkts>0 AND resp_pkts>0)) \n| conn_state != \"S0\"\n| groupby([id.resp_h, id.resp_p, service]) \n| groupby(service)\n| sort(service, reverse=false)","isLive":true,"timeZoneOffsetMinutes":120,"showQueryEventDistribution":false,"start":"24h"},"options":{"x":0,"y":2,"width":4,"height":4,"visualisation":{"widgetType":"pie-chart"}}},{"id":"c15aeb29-9d27-4c7c-8a95-2fda6a3cb708","title":"Connections to Local UDP services","query":{"queryString":"#path=conn \n| (proto=tcp OR (proto=udp AND orig_pkts>0 AND resp_pkts>0)) \n| conn_state != \"S0\"\n| proto=udp local_resp=true \n| groupby(id.resp_p) | sort(id.resp_p, reverse=false)","isLive":true,"timeZoneOffsetMinutes":120,"showQueryEventDistribution":false,"start":"24h"},"options":{"x":8,"y":2,"width":4,"height":4,"visualisation":{"widgetType":"pie-chart"}}},{"id":"dc595f49-59a4-4907-9356-2ae0678f7361","title":"Top Inbound Data Flows by Originator","query":{"queryString":"#path=conn\n| (proto=tcp OR (proto=udp AND orig_pkts>0 AND resp_pkts>0)) \n| conn_state != \"S0\"\n| groupby([id.orig_h], \n          function=[sum(resp_bytes, as=resp_bytes_sum),\n                    count(as=number_of_conns)]) \n| eval(Gigabytes=(((resp_bytes_sum/1024)/1024)/1000)) | format(\"%.2f\", field=Gigabytes, as=Gigabytes)\n| table([id.orig_h, number_of_conns, Gigabytes]) | sort(Gigabytes, limit=20) ","isLive":true,"timeZoneOffsetMinutes":120,"showQueryEventDistribution":false,"start":"24h"},"options":{"x":8,"y":6,"width":4,"height":4,"visualisation":{"widgetType":"table-view"}}},{"id":"d1fa305a-d8b3-4f09-866f-d6c4ae498abc","title":"Top Outbound Data Flows by Originator","query":{"queryString":"#path=conn\n| (proto=tcp OR (proto=udp AND orig_pkts>0 AND resp_pkts>0)) \n| conn_state != \"S0\"\n| groupby([id.orig_h], \n          function=[sum(orig_bytes, as=orig_bytes_sum),\n                    count(as=number_of_conns)]) \n| eval(Gigabytes=(((orig_bytes_sum/1024)/1024)/1000)) | format(\"%.2f\", field=Gigabytes, as=Gigabytes)\n| table([id.orig_h, number_of_conns, Gigabytes]) | sort(Gigabytes, limit=20) ","isLive":true,"timeZoneOffsetMinutes":120,"showQueryEventDistribution":false,"start":"24h"},"options":{"x":4,"y":6,"width":4,"height":4,"visualisation":{"widgetType":"table-view"}}},{"id":"c5c1ab46-6aff-4bc9-8356-f09908375270","title":"Top Services","query":{"queryString":"#path=conn is_broadcast!=true | groupby(service) | sort()","isLive":true,"timeZoneOffsetMinutes":120,"showQueryEventDistribution":false,"start":"24h"},"options":{"x":0,"y":6,"width":4,"height":4,"visualisation":{"widgetType":"pie-chart"}}},{"id":"c8d38299-325a-4b4c-bb7f-e76a3a58d413","title":"Largest transfers between host/port pairs","query":{"queryString":"#path=conn\n| (proto=tcp OR (proto=udp AND orig_pkts>0 AND resp_pkts>0)) \n| conn_state != \"S0\"\n| groupby([id.orig_h, id.resp_h, id.resp_p, proto], \n          function=[sum(resp_bytes, as=resp_bytes_sum),\n                    sum(orig_bytes, as=orig_bytes_sum),\n                    count(as=number_of_conns)]) \n| eval(total_bytes=orig_bytes_sum+resp_bytes_sum)\n| sort(total_bytes, limit=20)\n| rdns(id.resp_h)","isLive":true,"timeZoneOffsetMinutes":120,"showQueryEventDistribution":false,"start":"24h"},"options":{"x":0,"y":10,"width":12,"height":5,"visualisation":{"widgetType":"table-view"}}}]}