{"widgets":[{"id":"6dc7cb12-71e0-497d-8790-c96889711093","title":"Top Software","query":{"queryString":"#path=software | groupby(name, limit=10) | sort() ","isLive":true,"timeZoneOffsetMinutes":120,"showQueryEventDistribution":false,"start":"24h"},"options":{"x":0,"y":0,"width":12,"height":5,"visualisation":{"widgetType":"pie-chart"}}},{"id":"7f0d6460-6e81-4ec1-bd52-3fb7e6d82617","title":"Top Software Types","query":{"queryString":"#path=software | groupby(software_type) | table([software_type, _count]) |sort(_count) ","isLive":true,"timeZoneOffsetMinutes":120,"showQueryEventDistribution":false,"start":"24h"},"options":{"x":8,"y":5,"width":4,"height":5,"visualisation":{"widgetType":"table-view"}}},{"id":"15bb71bd-e729-4bb7-98db-58aa9bb6dc01","title":"Top Software Versions","query":{"queryString":"#path=software | groupby([name, unparsed_version]) |eval(Version = unparsed_version)| table([name, Version, _count]) |sort(_count) ","isLive":true,"timeZoneOffsetMinutes":120,"showQueryEventDistribution":false,"start":"24h"},"options":{"x":0,"y":5,"width":8,"height":5,"visualisation":{"widgetType":"table-view"}}}]}