{"id":"EFnNff4hG69NLLxE7DhJPyL7Q3rMTAcd","name":"Corelight DNS","widgets":[{"id":"283fa114-ef1e-42e8-8866-5f831d69090e","title":"Top Originators by Count","options":{"x":0,"y":5,"height":4,"visualisation":{"widgetType":"table-view"},"width":4},"query":{"queryString":"#path=dns is_broadcast!=true id.resp_p=53 | groupby(id.orig_h) | sort()","end":1517641200000,"showQueryEventDistribution":false,"isLive":false,"start":1517382000000}},{"id":"e82b38d3-6fb6-4f18-b920-941a8cad81a8","title":"Top Queries by Count to Non-Existent Domains","options":{"x":8,"y":0,"height":5,"visualisation":{"widgetType":"table-view"},"width":4},"query":{"queryString":"#path=dns is_broadcast!=true id.resp_p=53 rcode_name=NXDOMAIN qtype_name!=PTR | groupby(query) | sort()","end":1517641200000,"showQueryEventDistribution":false,"isLive":false,"start":1517382000000}},{"id":"f31137a9-ce52-4ad0-895a-a01641f2a0d6","title":"Top Query Types","options":{"x":0,"y":0,"height":5,"visualisation":{"widgetType":"pie-chart"},"width":4},"query":{"queryString":"#path=dns is_broadcast!=true id.resp_p=53 | groupby(qtype_name) | sort()","end":1517641200000,"showQueryEventDistribution":false,"isLive":false,"start":1517382000000}},{"id":"efa413a6-07bd-48e8-a70c-e01a500fb6f8","title":"Top Queries by Count","options":{"x":4,"y":0,"height":5,"visualisation":{"widgetType":"table-view"},"width":4},"query":{"queryString":"#path=dns is_broadcast!=true id.resp_p=53 qtype_name!=PTR | groupby(query) | sort(limit=10)","end":1517641200000,"showQueryEventDistribution":false,"isLive":false,"start":1517382000000}},{"id":"222095ad-1193-4ef0-abc9-105942f58854","title":"Top Reverse Queries by Count to Non-Existent Domains","options":{"x":8,"y":5,"height":4,"visualisation":{"widgetType":"table-view"},"width":4},"query":{"queryString":"#path=dns is_broadcast!=true id.resp_p=53 qtype_name=PTR rcode_name=NXDOMAIN| groupby(query) | sort()","end":1517641200000,"showQueryEventDistribution":false,"isLive":false,"start":1517382000000}},{"id":"229b18e5-b744-4fd2-8c0b-5212b5e96786","title":"Top Successful Reverse Queries by Count","options":{"x":4,"y":5,"height":4,"visualisation":{"widgetType":"table-view"},"width":4},"query":{"queryString":"#path=dns is_broadcast!=true id.resp_p=53 qtype_name=PTR rcode_name=NOERROR| groupby(query) | sort()","end":1517641200000,"showQueryEventDistribution":false,"isLive":false,"start":1517382000000}},{"id":"224e8be8-7fea-4908-b0b9-bcf6683dca0a","title":"No response DNS query by type","options":{"x":0,"y":9,"height":4,"visualisation":{"widgetType":"pie-chart"},"width":4},"query":{"queryString":"#path=dns rcode_name=NXDOMAIN qtype_name!=PTR | groupby(qtype_name) | sort()","end":"now","showQueryEventDistribution":false,"isLive":true,"start":"24h"}}],"readOnlyTokens":[]}