{"id":"ObytVdwQPW5mg7MnYQlv5eqLRdeMAT5s","name":"Corelight SSL","widgets":[{"id":"064dcb11-e03d-47d5-b58b-bbc83e478316","title":"Version over Time","options":{"x":0,"y":10,"height":4,"visualisation":{"s":"","plY":"","stp":"y","sc":"lin","mx":"","widgetType":"time-chart","legend":"y","lx":"","p":"a","ly":"","mn":"","pl":"","op":"0.4"},"width":12},"query":{"queryString":"#path=ssl | timechart(version, unit=\"1/min\")","end":1517641200000,"showQueryEventDistribution":false,"isLive":false,"start":1517382000000}},{"id":"ac61b9c6-da6c-41bc-91b3-5f00c756f1b6","title":"Version","options":{"x":9,"y":0,"height":5,"visualisation":{"widgetType":"table-view"},"width":3},"query":{"queryString":"#path=ssl | groupby(version) | sort(limit=20)","end":1517641200000,"showQueryEventDistribution":false,"isLive":false,"start":1517382000000}},{"id":"411ddc32-32a8-441f-ac0e-8776d39a05ff","title":"Top Ciphers","options":{"x":5,"y":0,"height":5,"visualisation":{"widgetType":"table-view"},"width":4},"query":{"queryString":"#path=ssl | groupby(cipher) | sort(limit=20)","end":1517641200000,"showQueryEventDistribution":false,"isLive":false,"start":1517382000000}},{"id":"d33c5c47-c222-40e0-a71c-73fe79dc71bb","title":"Top Subjects","options":{"x":0,"y":0,"height":5,"visualisation":{"widgetType":"table-view"},"width":5},"query":{"queryString":"#path=x509 | groupby(certificate.subject) | sort(limit=10, order=asce)","end":1517641200000,"showQueryEventDistribution":false,"isLive":false,"start":1517382000000}},{"id":"52b8e113-6e35-4555-9acc-b614dfa49cd4","title":"Validation Status","options":{"x":0,"y":5,"height":5,"visualisation":{"widgetType":"table-view"},"width":3},"query":{"queryString":"#path=ssl | groupby(validation_status) | sort(limit=10)","end":1517641200000,"showQueryEventDistribution":false,"isLive":false,"start":1517382000000}},{"id":"8e9f6c6c-e494-4471-a918-df2cba1106e7","title":"Certificate Summary","options":{"x":3,"y":5,"height":5,"visualisation":{"widgetType":"table-view"},"width":9},"query":{"queryString":"#path=ssl | groupby([server_name, subject, validation_status, version]) | table([server_name, subject, validation_status, version, _count]) | sort(_count)","end":1517641200000,"showQueryEventDistribution":false,"isLive":false,"start":1517382000000}}],"readOnlyTokens":[]}