{"id":"bzITdfm9jxc7nlBRxPJFjtw0e34LnUgp","name":"Corelight Conn","widgets":[{"id":"f40b5bcf-7565-466d-a829-4767b917664d","title":"Connections to Local TCP services","options":{"x":4,"y":2,"height":4,"visualisation":{"widgetType":"pie-chart"},"width":4},"query":{"queryString":"#path=conn \n  | $established_conns()\n  | proto=tcp local_resp=true \n  | groupby(id.resp_p) | sort(id.resp_p, reverse=false)","end":"now","showQueryEventDistribution":false,"isLive":true,"start":"24h"}},{"id":"603025ed-feb5-4348-bc1a-4be02c857918","title":"Connections on unknown networks","options":{"x":9,"y":0,"height":2,"visualisation":{"cly":"","cuy":"","widgetType":"simple-gauge","vs":"","col":"","cur":"100","ly":"","clr":"0","dp":"2"},"width":3},"query":{"queryString":"#path=conn\n  | $established_conns()\n  | local_orig=false local_resp=false\n  | count()\n  //| table([@timestamp, id.orig_h, id.resp_h, id.resp_p, proto], order=@timestamp, limit=100)","end":"now","showQueryEventDistribution":false,"isLive":true,"start":"24h"}},{"id":"befd5e24-7e39-43e5-82a9-7617c31aa50a","title":"Outgoing connections","options":{"x":0,"y":0,"height":2,"visualisation":{"cly":"","cuy":"","widgetType":"simple-gauge","vs":"","col":"","cur":"100","ly":"","clr":"0","dp":"2"},"width":3},"query":{"queryString":"#path=conn\n  | $established_conns()\n  | local_orig=true local_resp=false\n  | count()\n  //| table([@timestamp, id.orig_h, id.resp_h, id.resp_p, proto], order=@timestamp, limit=100)","end":"now","showQueryEventDistribution":false,"isLive":true,"start":"24h"}},{"id":"8fb37de2-8fb2-41f8-a544-537cf5f3b92d","title":"Incoming connections","options":{"x":3,"y":0,"height":2,"visualisation":{"cly":"","cuy":"","widgetType":"simple-gauge","vs":"","col":"","cur":"100","ly":"","clr":"0","dp":"2"},"width":3},"query":{"queryString":"#path=conn\n  | $established_conns()\n  | local_orig=false local_resp=true\n  | count()\n  //| table([@timestamp, id.orig_h, id.resp_h, id.resp_p, proto], order=@timestamp, limit=100)","end":"now","showQueryEventDistribution":false,"isLive":true,"start":"24h"}},{"id":"80e5bc17-4a8d-4e66-b7c5-1b6a6841ff33","title":"Local only connections","options":{"x":6,"y":0,"height":2,"visualisation":{"cly":"","cuy":"","widgetType":"simple-gauge","vs":"","col":"","cur":"100","ly":"","clr":"0","dp":"2"},"width":3},"query":{"queryString":"#path=conn\n  | $established_conns()\n  | local_orig=true local_resp=true\n  | count()\n  //| table([@timestamp, id.orig_h, id.resp_h, id.resp_p, proto], order=@timestamp, limit=100)","end":"now","showQueryEventDistribution":false,"isLive":true,"start":"24h"}},{"id":"c795bf5b-8091-4e13-81c8-f13dc008d3ba","title":"Local Hosts Seen Offering Services","options":{"x":0,"y":2,"height":4,"visualisation":{"widgetType":"pie-chart"},"width":4},"query":{"queryString":"#path=conn local_resp=true\n  | $established_conns() \n  | groupby([id.resp_h, id.resp_p, service]) \n  | groupby(service)\n  | sort(service, reverse=false)","end":"now","showQueryEventDistribution":false,"isLive":true,"start":"24h"}},{"id":"c15aeb29-9d27-4c7c-8a95-2fda6a3cb708","title":"Connections to Local UDP services","options":{"x":8,"y":2,"height":4,"visualisation":{"widgetType":"pie-chart"},"width":4},"query":{"queryString":"#path=conn \n  | $established_conns()\n  | proto=udp local_resp=true \n  | groupby(id.resp_p) | sort(id.resp_p, reverse=false)","end":"now","showQueryEventDistribution":false,"isLive":true,"start":"24h"}},{"id":"dc595f49-59a4-4907-9356-2ae0678f7361","title":"Top Inbound Data Flows by Originator","options":{"x":8,"y":6,"height":4,"visualisation":{"widgetType":"table-view"},"width":4},"query":{"queryString":"#path=conn\n  | $established_conns() \n  | groupby([id.orig_h], \n            function=[sum(resp_bytes, as=resp_bytes_sum),\n                      count(as=number_of_conns)]) \n  | eval(Gigabytes=(((resp_bytes_sum/1024)/1024)/1000)) | format(\"%.2f\", field=Gigabytes, as=Gigabytes)\n  | table([id.orig_h, number_of_conns, Gigabytes]) | sort(Gigabytes, limit=20) ","end":1517641200000,"showQueryEventDistribution":false,"isLive":false,"start":1517382000000}},{"id":"d1fa305a-d8b3-4f09-866f-d6c4ae498abc","title":"Top Outbound Data Flows by Originator","options":{"x":4,"y":6,"height":4,"visualisation":{"widgetType":"table-view"},"width":4},"query":{"queryString":"#path=conn\n  | $established_conns() \n  | groupby([id.orig_h], \n            function=[sum(orig_bytes, as=orig_bytes_sum),\n                      count(as=number_of_conns)]) \n  | eval(Gigabytes=(((orig_bytes_sum/1024)/1024)/1000)) | format(\"%.2f\", field=Gigabytes, as=Gigabytes)\n  | table([id.orig_h, number_of_conns, Gigabytes]) | sort(Gigabytes, limit=20) ","end":1517641200000,"showQueryEventDistribution":false,"isLive":false,"start":1517382000000}},{"id":"c5c1ab46-6aff-4bc9-8356-f09908375270","title":"Top Services","options":{"x":0,"y":6,"height":4,"visualisation":{"widgetType":"pie-chart"},"width":4},"query":{"queryString":"#path=conn is_broadcast!=true | groupby(service) | sort()","end":1517641200000,"showQueryEventDistribution":false,"isLive":false,"start":1517382000000}},{"id":"c8d38299-325a-4b4c-bb7f-e76a3a58d413","title":"Largest transfers between host/port pairs","options":{"x":0,"y":10,"height":5,"visualisation":{"widgetType":"table-view"},"width":12},"query":{"queryString":"#path=conn\n  | $established_conns() \n  | groupby([id.orig_h, id.resp_h, id.resp_p, proto], \n            function=[sum(resp_bytes, as=resp_bytes_sum),\n                      sum(orig_bytes, as=orig_bytes_sum),\n                      count(as=number_of_conns)]) \n  | eval(total_bytes=orig_bytes_sum+resp_bytes_sum)\n  | sort(total_bytes, limit=20)\n  | rdns(id.resp_h)","end":"now","showQueryEventDistribution":false,"isLive":true,"start":"24h"}}],"readOnlyTokens":[]}