{"id":"3jYDQKhlrvSMUrrBBlmvNOKbR94GAXeB","name":"Corelight Software","widgets":[{"id":"6dc7cb12-71e0-497d-8790-c96889711093","title":"Top Software","options":{"x":0,"y":0,"height":5,"visualisation":{"widgetType":"pie-chart"},"width":12},"query":{"queryString":"#path=software | groupby(name, limit=10) | sort() ","end":1517641200000,"showQueryEventDistribution":false,"isLive":false,"start":1517382000000}},{"id":"7f0d6460-6e81-4ec1-bd52-3fb7e6d82617","title":"Top Software Types","options":{"x":8,"y":5,"height":5,"visualisation":{"widgetType":"table-view"},"width":4},"query":{"queryString":"#path=software | groupby(software_type) | table([software_type, _count]) |sort(_count) ","end":1517641200000,"showQueryEventDistribution":false,"isLive":false,"start":1517382000000}},{"id":"15bb71bd-e729-4bb7-98db-58aa9bb6dc01","title":"Top Software Versions","options":{"x":0,"y":5,"height":5,"visualisation":{"widgetType":"table-view"},"width":8},"query":{"queryString":"#path=software | groupby([name, unparsed_version]) |eval(Version = unparsed_version)| table([name, Version, _count]) |sort(_count) ","end":1517641200000,"showQueryEventDistribution":false,"isLive":false,"start":1517382000000}}],"readOnlyTokens":[]}