{"id":"0r8CQZrvyAELuvzS6jJBoKD9Q1FokXuH","name":"Corelight X.509","widgets":[{"id":"b73340f1-5ede-4d9e-930e-164e77d5e456","title":"Certificate Expiration ","options":{"x":0,"y":5,"height":5,"visualisation":{"widgetType":"table-view"},"width":12},"query":{"queryString":"#path=x509 | groupby([certificate.not_valid_after, certificate.subject]) | sort(certificate.not_valid_after, limit=100, order=asce)","end":1517641200000,"showQueryEventDistribution":false,"isLive":false,"start":1517382000000}},{"id":"c67041b9-f8e6-4f85-8178-57ce67f280c0","title":"Rare Subjects","options":{"x":6,"y":0,"height":5,"visualisation":{"widgetType":"table-view"},"width":6},"query":{"queryString":"#path=x509 | groupby(certificate.subject) | sort(limit=10, asce)","end":1517641200000,"showQueryEventDistribution":false,"isLive":false,"start":1517382000000}},{"id":"fcc40a8f-7f51-41e2-be82-cecb32ce91fe","title":"Top Subjects","options":{"x":0,"y":0,"height":5,"visualisation":{"widgetType":"table-view"},"width":6},"query":{"queryString":"#path=x509 | groupby(certificate.subject) | sort(limit=10)","end":1517641200000,"showQueryEventDistribution":false,"isLive":false,"start":1517382000000}}],"readOnlyTokens":[]}