{"id":"8FBAcY9GrKkXX5iksFVYcrf7vu8lr6yg","name":"Corelight Files","widgets":[{"id":"30c37611-749f-40d1-b70e-085f1d9adff0","title":"Executable Files","options":{"x":0,"y":8,"height":4,"visualisation":{"widgetType":"table-view"},"width":12},"query":{"queryString":"#path=files mime_type=application/x-dosexec | groupby([tx_hosts[0], rx_hosts[0], mime_type, conn_uids[0], md5]) | table([tx_hosts[0], rx_hosts[0], mime_type, conn_uids[0], md5, _count]) | sort(_count)","end":1517641200000,"showQueryEventDistribution":false,"isLive":false,"start":1517382000000}},{"id":"d693ac88-8ff0-4314-af48-f315ab05fbf6","title":"Top 20 Mime Types by File Count","options":{"x":0,"y":0,"height":4,"visualisation":{"widgetType":"bar-chart"},"width":12},"query":{"queryString":"#path=files is_broadcast!=true mime_type!=application/pkix-cert | groupby(mime_type, limit=20) | sort() ","end":1517641200000,"showQueryEventDistribution":false,"isLive":false,"start":1517382000000}},{"id":"386b9584-79d7-4c1b-9892-1e7de62dbd39","title":"Top File Protocols by File Count","options":{"x":0,"y":4,"height":4,"visualisation":{"widgetType":"pie-chart"},"width":12},"query":{"queryString":"#path=files is_broadcast!=true mime_type!=application/pkix-cert | groupby(source) | sort()","end":1517641200000,"showQueryEventDistribution":false,"isLive":false,"start":1517382000000}}],"readOnlyTokens":[]}