{"id":"8UuXhBrf9d0klX2Ea3yzI5YMeny5RRmL","name":"Corelight HTTP","widgets":[{"id":"c62d595b-a0fb-4eac-b073-3fa14aa6d6c6","title":"Rare Host Headers","options":{"x":9,"y":5,"height":5,"visualisation":{"widgetType":"table-view"},"width":3},"query":{"queryString":"#path=http host!=control | groupby(host) | sort(_count, order=asce, limit=10)","end":1517637600000,"showQueryEventDistribution":false,"isLive":false,"start":1517378400000}},{"id":"67450089-3e23-4153-b4c4-631906f8db20","title":"Top Originators","options":{"x":8,"y":0,"height":5,"visualisation":{"widgetType":"table-view"},"width":4},"query":{"queryString":"#path=http host!=control | groupby(id.orig_h) | sort(_count, limit=10)","end":1517637600000,"showQueryEventDistribution":false,"isLive":false,"start":1517378400000}},{"id":"300372a7-46c0-487d-8e28-9485a45b01f0","title":"HTTP Status Code Breakdown","options":{"x":4,"y":0,"height":5,"visualisation":{"widgetType":"pie-chart"},"width":4},"query":{"queryString":"#path=http host!=control | groupby(status_msg) | sort(_count, limit=10)","end":1517637600000,"showQueryEventDistribution":false,"isLive":false,"start":1517378400000}},{"id":"42c8265a-9196-4101-b8a7-94225372cbae","title":"Top Host Headers by Count","options":{"x":0,"y":0,"height":5,"visualisation":{"widgetType":"table-view"},"width":4},"query":{"queryString":"#path=http host!=control | groupby(host) | sort(_count, limit=10)","end":1517637600000,"showQueryEventDistribution":false,"isLive":false,"start":1517378400000}},{"id":"3ddc3566-4056-4f45-8e26-a03b0a6f7fba","title":"Rare User Agents","options":{"x":0,"y":5,"height":5,"visualisation":{"widgetType":"table-view"},"width":9},"query":{"queryString":"#path=http host!=control | groupby(user_agent) | sort(_count, order=asce, limit=10)","end":1517637600000,"showQueryEventDistribution":false,"isLive":false,"start":1517378400000}},{"id":"e341b98c-0a41-4a3b-9768-eb13f3afdea3","title":"HTTP Top Host Pie","options":{"x":0,"y":10,"height":4,"visualisation":{"widgetType":"pie-chart"},"width":4},"query":{"queryString":"#path=http host!=control | groupby(host) | sort(_count, limit=10)","end":1517637600000,"showQueryEventDistribution":false,"isLive":false,"start":1517378400000}}],"readOnlyTokens":[]}